{
    "PREP": 0.047966957092285156,
    "EPOCHS": [
        21.469423055648804,
        21.975427865982056
    ]
}