{
    "PREP": 1.840343952178955,
    "EPOCHS": [
        21.573030948638916,
        21.725380182266235
    ]
}