{
    "PREP": 0.06491708755493164,
    "EPOCHS": [
        21.48846411705017,
        21.799760103225708
    ]
}